full_name,position,shot_conversion_rate_overall,shots_on_target_total_overall,passes_completed_total_overall,shots_total_overall,duels_total_overall,min_per_card_overall,assists_away,cluster,performance,rankings,salary
Aaron Anthony Connolly,Forward,0.0,0.0,14.0,1.0,18.0,0,0,2,-1.0975915770196183,17,1196000
Adam Armstrong,Forward,6.45,14.0,227.0,31.0,126.0,1414,2,0,-0.14668747160227885,34,2490000
Adam Uche Idah,Forward,10.0,4.0,89.0,10.0,103.0,0,0,3,-0.5240709460913623,23,260000
Adama Traore Diarra,Forward,8.33,5.0,232.0,12.0,210.0,0,0,3,-0.41668810556346547,16,2236000
Ademola Lookman,Forward,37.5,12.0,397.0,16.0,232.0,728,0,0,1.0689685883232043,1,1076400
Alejandro Garnacho Ferreyra,Forward,0.0,0.0,3.0,0.0,2.0,0,0,2,-1.11420408422725,21,0
Alex Iwobi,Forward,13.33,6.0,555.0,15.0,207.0,2037,1,4,0.27047272107169834,2,2600000
Alexandre Lacazette,Forward,14.29,15.0,339.0,35.0,232.0,0,5,0,0.30726578411775385,21,9466673
Allan Saint-Maximin,Forward,10.87,26.0,514.0,46.0,464.0,469,4,1,0.6007054471203521,15,2000000
Andriy Yarmolenko,Forward,10.0,5.0,78.0,10.0,37.0,299,0,3,-0.514094821545957,21,5980000
Anthony Elanga,Forward,0.0,0.0,0.0,0.0,0.0,0,0,2,-1.1173276569365764,32,470000
Anthony Gordon,Forward,14.29,18.0,455.0,28.0,353.0,571,1,0,0.38225806161543857,17,520000
Anthony Martial,Forward,20.0,3.0,67.0,5.0,24.0,0,0,3,-0.19862738465638313,9,13000000
Anwar El Ghazi,Forward,14.29,3.0,86.0,7.0,65.0,197,1,3,-0.34090242831757167,14,1610000
Armando Broja,Forward,16.67,21.0,243.0,36.0,444.0,990,0,0,0.3994839181597078,15,0
Ashley Barnes,Forward,7.14,6.0,121.0,14.0,195.0,200,0,3,-0.5228310479076727,22,2080000
Ashley Fletcher,Forward,0.0,1.0,3.0,2.0,11.0,0,0,2,-1.0902104070225815,15,0
Ayoze Perez,Forward,25.0,6.0,120.0,8.0,75.0,222,1,3,0.16962459442459882,4,2340000
Bertrand Traore,Forward,0.0,1.0,60.0,4.0,38.0,0,0,2,-1.0298728741484187,8,0
Bryan Gil Salvatierra,Forward,0.0,1.0,47.0,1.0,18.0,0,0,2,-1.0540573638433046,12,0
Bryan Mbeumo,Forward,0.0,0.0,0.0,0.0,0.0,729,5,2,-0.8833427486294423,2,4160000
Callum Wilson,Forward,25.81,15.0,103.0,31.0,186.0,347,0,0,0.4004377837950148,13,2400000
Cameron Archer,Forward,0.0,0.0,0.0,0.0,0.0,0,0,2,-1.1173276569365764,31,0
Cenk Tosun,Forward,0.0,0.0,1.0,0.0,1.0,0,0,2,-1.1161767111728806,24,3120000
Che Adams,Forward,17.95,24.0,303.0,39.0,313.0,0,1,0,0.4670877380264838,10,1560000
Chris Wood,Forward,12.5,19.0,346.0,40.0,492.0,2706,0,4,0.4501760488589563,1,3466667
Christian Benteke,Forward,12.5,13.0,192.0,32.0,206.0,379,1,0,-0.04188703898848117,33,6240000
Christos Tzolis,Forward,0.0,2.0,72.0,3.0,38.0,0,0,2,-1.0058997466908985,7,0
Cristiano Ronaldo,Forward,22.5,43.0,721.0,80.0,217.0,307,2,1,1.4262000725590656,2,26800000
Crysencio Summerville,Forward,0.0,0.0,50.0,1.0,23.0,0,0,2,-1.0663647315611702,13,300000
Daniel James,Forward,10.26,18.0,336.0,39.0,253.0,278,2,0,0.12782583508273454,30,2600000
Daniel William John Ings,Forward,19.44,18.0,251.0,36.0,194.0,476,1,0,0.3777011002955502,18,0
Danny Welbeck,Forward,15.38,22.0,211.0,39.0,186.0,0,1,0,0.21468661642843198,26,2860000
Demarai Gray,Forward,13.16,17.0,514.0,38.0,261.0,784,0,0,0.3445645679490867,20,1300000
Diogo Jota,Forward,21.13,33.0,556.0,71.0,382.0,791,3,1,1.179870923619002,4,4700000
Divock Origi,Forward,37.5,5.0,29.0,8.0,15.0,0,0,3,0.5025303143387438,1,3120000
Dominic Calvert-Lewin,Forward,18.52,13.0,163.0,27.0,259.0,643,1,0,0.20096900124525013,27,1248000
Dwight Gayle,Forward,0.0,0.0,13.0,2.0,8.0,30,0,2,-1.0969592523079075,16,2080000
Dwight McNeil,Forward,0.0,15.0,729.0,32.0,400.0,3114,0,4,0.1868121491255459,3,260000
Edinson Cavani,Forward,14.29,8.0,172.0,14.0,54.0,0,0,3,-0.22658835443678227,11,13000000
Edward Nketiah,Forward,20.83,12.0,174.0,24.0,124.0,275,0,3,0.16916290103323176,5,2340000
Emmanuel Bonaventure Dennis,Forward,22.73,26.0,393.0,44.0,529.0,288,3,1,0.9398231078148302,9,0
Evan Ferguson,Forward,0.0,0.0,0.0,0.0,0.0,0,0,2,-1.1173276569365764,28,0
Fabio Daniel Soares Silva,Forward,0.0,5.0,92.0,13.0,99.0,0,0,2,-0.8970669720656359,3,4160000
Ferran Torres Garcia,Forward,25.0,4.0,54.0,8.0,20.0,0,0,3,0.011449822548416318,8,2400000
Francisco Antonio Machado Mota de Castro Trincao,Forward,8.0,14.0,342.0,25.0,202.0,0,0,0,-0.1643103758822553,35,0
Francisco Jorge Tavares Oliveira,Forward,0.0,2.0,55.0,4.0,59.0,0,2,2,-0.9407792906490056,4,950000
Francisco Sierralta Carvallo,Forward,0.0,1.0,142.0,1.0,35.0,0,0,2,-0.9704001536695857,6,494000
Gabriel Jesus,Forward,18.18,25.0,625.0,44.0,242.0,1878,4,5,1.0029825354218873,6,4680000
Gabriel Teodoro Martinelli Silva,Forward,15.0,16.0,419.0,40.0,261.0,621,2,0,0.3844406537607145,16,4680000
Gnaly Maxwell Cornet,Forward,23.68,22.0,266.0,38.0,203.0,887,0,0,0.6303133357136353,5,0
Harry Kane,Forward,17.53,55.0,615.0,97.0,436.0,646,6,5,1.6172055304796942,3,10400000
Hee-Chan Hwang,Forward,27.78,12.0,506.0,18.0,246.0,911,0,0,0.796291769460574,3,0
Heung-Min Son,Forward,33.33,49.0,878.0,69.0,266.0,1511,3,5,2.2078523646282324,2,9984000
Ivan Toney,Forward,18.75,30.0,432.0,64.0,539.0,364,2,1,0.9000039892166518,10,1092000
Jadon Sancho,Forward,17.65,9.0,780.0,17.0,163.0,0,2,0,0.5356417290661409,7,18200000
Jamie Vardy,Forward,31.91,26.0,182.0,47.0,141.0,903,2,0,1.0256012863953552,2,7280000
Jarrod Bowen,Forward,21.05,35.0,545.0,57.0,370.0,499,6,5,1.2453031899847014,5,0
Jay Rodriguez,Forward,6.45,11.0,181.0,31.0,226.0,458,2,0,-0.2785969668896835,37,1820000
Jean-Philippe Mateta,Forward,15.62,18.0,156.0,32.0,167.0,574,0,0,0.10272988888556348,31,2775000
Jeremy Leonel Sarmiento Morante,Forward,0.0,0.0,0.0,0.0,0.0,0,0,2,-1.1173276569365764,33,0
Jeremy Ngakia,Forward,0.0,0.0,248.0,4.0,118.0,0,0,2,-0.8654743795762989,1,130000
Joao Pedro Junqueira de Jesus,Forward,8.82,16.0,383.0,34.0,389.0,1636,1,4,0.1851770641995015,4,650000
Joe Gelhardt,Forward,13.33,10.0,104.0,15.0,133.0,184,0,3,-0.24449493773952544,12,858000
Joelinton Cassio Apolinario de Lira,Forward,12.9,14.0,707.0,31.0,529.0,320,0,1,0.4779086576378721,16,4500000
Jordan Ayew,Forward,15.0,8.0,559.0,20.0,401.0,1012,2,0,0.3999202522655475,14,1690000
Joshua King,Forward,12.82,17.0,364.0,39.0,420.0,450,1,0,0.27021623818719004,22,2340000
Joshua Sargent,Forward,18.18,3.0,286.0,11.0,228.0,1578,1,0,0.15330823250704056,29,0
Juan Camilo Hernandez Suarez,Forward,20.83,11.0,221.0,24.0,194.0,380,1,0,0.25788910049060143,24,0
Jurgen Locadia,Forward,0.0,0.0,1.0,1.0,3.0,0,0,2,-1.1132124011111881,20,2106000
Kayky da Silva Chagas,Forward,0.0,0.0,0.0,0.0,0.0,0,0,2,-1.1173276569365764,27,0
Kelechi Iheanacho,Forward,17.39,12.0,270.0,23.0,156.0,1260,2,0,0.2695524539738997,23,3120000
Leandro Trossard,Forward,16.0,27.0,876.0,50.0,292.0,1406,0,1,1.0075688035472108,6,1820000
Leon Bailey Butler,Forward,7.14,8.0,143.0,14.0,124.0,252,2,3,-0.4211948371029171,17,5200000
Liam Delap,Forward,0.0,0.0,0.0,0.0,0.0,0,0,2,-1.1173276569365764,26,0
Lucas Rodrigues Moura da Silva,Forward,7.14,12.0,556.0,28.0,311.0,443,1,0,0.058293698423219104,32,4160000
Luis Diaz,Forward,17.39,13.0,385.0,23.0,146.0,0,1,0,0.23972095459163467,25,2669333
Marcus Forss,Forward,0.0,0.0,22.0,2.0,23.0,0,0,2,-1.0870660237571654,14,260000
Marcus Rashford,Forward,23.53,12.0,298.0,17.0,163.0,617,0,0,0.40289777104004576,12,10400000
Matej Vydra,Forward,13.33,7.0,76.0,15.0,120.0,666,2,3,-0.21195329616408629,10,1820000
Michail Antonio,Forward,16.95,29.0,415.0,59.0,489.0,373,2,1,0.770810386765493,13,3640000
Mohamed Said Benrahma,Forward,19.05,22.0,618.0,42.0,213.0,0,3,1,0.7806622352154727,12,1200000
Mohamed Salah,Forward,22.77,60.0,861.0,101.0,309.0,2762,7,5,2.284215964143469,1,10400000
Moise Kean,Forward,0.0,0.0,1.0,0.0,1.0,0,0,2,-1.1161767111728806,23,2765000
Nathan Young-Coombes,Forward,0.0,0.0,0.0,0.0,1.0,0,0,2,-1.116998392354815,25,0
Neal Maupay,Forward,18.18,15.0,470.0,44.0,261.0,325,2,0,0.5214661927735048,9,2600000
Nicolas Pepe,Forward,5.56,9.0,267.0,18.0,135.0,0,0,3,-0.4432164701415699,19,7280000
Odsonne Edouard,Forward,18.75,18.0,306.0,32.0,237.0,392,0,0,0.3586339048624073,19,4930000
Oghenekaro Etebo,Forward,0.0,0.0,150.0,2.0,43.0,132,0,2,-0.9645657092567287,5,0
Ollie Watkins,Forward,21.15,32.0,477.0,52.0,380.0,422,2,1,0.9899089095102604,7,3900000
Patrick Bamford,Forward,12.5,5.0,85.0,16.0,43.0,280,1,3,-0.3597742937163062,15,1820000
Patson Daka,Forward,23.81,16.0,164.0,21.0,157.0,580,2,0,0.4437026996019964,11,3230000
Pedro Lomba Neto,Forward,10.0,4.0,168.0,10.0,65.0,155,0,3,-0.4590590209578426,20,2600000
Pierre-Emerick Aubameyang,Forward,16.0,18.0,135.0,25.0,104.0,347,0,3,0.04522543665401369,7,13000000
Raheem Sterling,Forward,28.26,28.0,700.0,46.0,276.0,2127,4,5,1.5505905406737732,4,15600000
Raphael Dias Belloli,Forward,17.74,25.0,743.0,62.0,419.0,417,1,1,0.9585622210274315,8,3302000
Raul Alonso Jimenez Rodriguez,Forward,13.95,16.0,537.0,43.0,434.0,293,1,1,0.4419225355889927,17,2144000
Reiss Nelson,Forward,0.0,0.0,8.0,0.0,2.0,0,0,2,-1.1100956783175777,19,780000
Richarlison de Andrade,Forward,21.28,24.0,327.0,47.0,512.0,281,1,1,0.726001677955392,14,4680000
Riyad Mahrez,Forward,25.0,23.0,742.0,44.0,142.0,0,1,1,1.0468351658151902,5,6240000
Roberto Firmino,Forward,25.0,11.0,383.0,20.0,147.0,329,1,0,0.5279026093672924,8,9360000
Rodrigo,Forward,17.65,18.0,656.0,34.0,232.0,252,1,0,0.6290083667891235,6,3900000
Romelu Lukaku,Forward,28.57,15.0,231.0,28.0,175.0,1584,0,0,0.7054234661530517,4,16900000
Rondon,Forward,6.67,6.0,115.0,15.0,146.0,157,0,3,-0.5637694642450042,24,3120000
Sadio Mane,Forward,24.24,39.0,801.0,66.0,363.0,565,0,1,1.4623356520821136,1,5200000
Sam Greenwood,Forward,0.0,0.0,0.0,0.0,0.0,0,2,2,-1.0474589579169578,10,70000
Saman Ghoddos,Forward,33.33,3.0,137.0,3.0,82.0,264,0,3,0.4246967025640483,3,780000
Samuel Kalu Ojim,Forward,0.0,1.0,54.0,4.0,24.0,0,0,2,-1.0394126653846858,9,0
Shane Long,Forward,16.67,5.0,43.0,6.0,84.0,301,0,3,-0.2713194077066499,13,3120000
Shola Shoretire,Forward,0.0,0.0,0.0,0.0,0.0,0,0,2,-1.1173276569365764,29,0
Sonny Perkins,Forward,0.0,0.0,0.0,0.0,0.0,0,0,2,-1.1173276569365764,30,0
Steven Bergwijn,Forward,20.0,10.0,139.0,15.0,74.0,547,0,3,0.05949104887867553,6,3800000
Teemu Pukki,Forward,21.57,27.0,392.0,51.0,290.0,815,3,1,0.8896366657865588,11,1300000
Theo Walcott,Forward,0.0,0.0,58.0,4.0,27.0,0,0,2,-1.0515568810841396,11,3900000
Timo Werner,Forward,14.29,16.0,291.0,28.0,121.0,1285,1,0,0.19636822181611968,28,14144000
Troy Deeney,Forward,0.0,0.0,3.0,2.0,10.0,0,0,2,-1.1069584057768194,18,3380000
Tyler Roberts,Forward,4.0,13.0,207.0,25.0,124.0,195,1,3,-0.42553073242238976,18,182000
Wesley Moraes Ferreira da Silva,Forward,0.0,0.0,2.0,0.0,4.0,0,0,2,-1.1143672362456618,22,1820000
Wilfried Zaha,Forward,27.45,32.0,725.0,51.0,506.0,460,0,1,1.4165029251885537,3,6760000
Wout Weghorst,Forward,8.33,8.0,274.0,24.0,259.0,486,1,0,-0.21464150143857502,36,0
Yoane Wissa,Forward,26.92,13.0,186.0,26.0,144.0,0,0,3,0.42632938732904796,2,620000
